dataset,accuracy,f1_macro
pneumoniamnist,0.8830128205128205,0.8679097011787563
pneumoniamnist,0.8509615384615384,0.8268151256240917
octmnist,0.827,0.8224292336100483
breastmnist,0.7884615384615384,0.69296833064949
tissuemnist,0.6522631133671742,0.5461454893741651
organamnist,0.883788952638092,0.8780874279821717
