dataset,accuracy,f1_macro
pathmnist,0.8626740947075209,0.8332377997847658
dermamnist,0.7326683291770574,0.4236111471390128
retinamnist,0.5025,0.2922408963585434
bloodmnist,0.9003215434083601,0.8910260782871131
